id	timestamp	text	speaker	reply_to	conversation_id	meta.score	meta.top_level_comment	meta.retrieved_on	meta.gilded	meta.gildings	meta.subreddit	meta.stickied	meta.permalink	meta.author_flair_text	vectors
9c45kn	1535817650	"It all began after the first month we started dating and I don‚Äôt know why I didn‚Äôt end things right then and there. While I was taming a shower, he looked through all of the photos on my laptop and yelled at me cause I still had photos of me and my ex. I didn‚Äôt even remember, cause I don‚Äôt look at those photos and I guess I was too lazy to delete them. Also, I don‚Äôt use that laptop so often since it‚Äôs slow, soooo yeah, I wasn‚Äôt being sentimental.

I‚Äôve always been a nosy person and I admit I stalked his wall, his exes, even his parents, BUT it was all public info. I‚Äôve been alone with his laptop/phone etc. but I‚Äôve never ever even thought about reading his private conversations. I wouldn‚Äôt do that to anyone. He doesn‚Äôt care, though. He memorized my ipad password and he read everything, including some really private posts here on reddit. He yelled at me and broke up with me. 

He occasionally lurks in my facebook account, because I‚Äôm dumb and I‚Äôm always like ‚ÄúNo, he wouldn‚Äôt do that again‚Äù but he always does. Today I was logged on our shared laptop and I saw in my fb app that there was some activity going on 40 minutes ago while I was taking a shower. I looked the chrome history, but he had deleted everything. I lost it and I started crying and he had the audacity to blame me for his trust issues and said that there is something I‚Äôm hiding since I‚Äôm reacting this way. I tried to explain I have nothing to hide, but it‚Äôs just horrible to feel uncomfortable at home. I can‚Äôt even sleep properly anymore because I‚Äôm nervous if he‚Äôll decide to randomly read my messages. He scrolled maybe months of my fb searches which is really embarrassing and yelled at me again. He said I must be hiding something since I‚Äôm so upset. I don‚Äôt hide anything and I never gave him a reason not too trust me. Once he dumped me and I grabbed a beer with an old friend and he found out, blamed me for cheating on him and even complained to my mother. I go to therapy every week (not only because of him, I have other issues). There was this group session and I met a boy who has similar problems to mine and I felt that finally I‚Äôd have someone outside therapy to talk to. He‚Äôs not my type and I didn‚Äôt like him in a romantic way, I just felt we could be friends but my boyfriend found out we‚Äôve talked once (because he was snooping again ofc) and again yelled at me. He said I was a cheater and that‚Äôs why he had trust issues. I‚Äôve always been faithful and I didn‚Äôt deserve this. 

I changed all my passwords but I‚Äôm tired of feeling uncomfortable in my own home. He went out and told me I deserve this and he‚Äôs right to invade my privacy and I have no right to be mad. I don‚Äôt know what to do anymore.

Tl;dr: Boyfriend is invading my privacy and blames me for his trust issues 

Update: Thank you so much for the comments and support! I finally picked up some courage and ended this pathetic excuse of a relationship and you all helped me a lot! Two days ago he came with his mother (omg) to collect his stuff and also took the laptop he gave me as present, which was pathetic. I‚Äôm feeling so much better now. Thank you again for the support and messages! You‚Äôre awesome."	asdfg1234566		9c45kn	2218		1540060551	0	{'gid_1': 0, 'gid_2': 0, 'gid_3': 0}	relationships	False	/r/relationships/comments/9c45kn/boyfriend_26m_cant_stop_invading_my_privacy_to/		[]
e57uesk	1535817964	Break up. Honestly, if you can't be comfortable at home, where else is there? He doesn't trust you, he's never going to trust you, you aren't happy... what about this situation makes it worth hanging on to?	candiedapplecrisp	9c45kn	9c45kn	1315	e57uesk	1538557594	0	{'gid_1': 0, 'gid_2': 0, 'gid_3': 0}	relationships	False	/r/relationships/comments/9c45kn/boyfriend_26m_cant_stop_invading_my_privacy_to/e57uesk/		[]
e57v9n4	1535818769	I always think that as time passes by, he‚Äôll start trusting me, but it only gets worse... I‚Äôve thought about bringing him to therapy sessions but idk if it‚Äôll work	asdfg1234566	e57uesk	9c45kn	193	e57uesk	1538558015	0	{'gid_1': 0, 'gid_2': 0, 'gid_3': 0}	relationships	False	/r/relationships/comments/9c45kn/boyfriend_26m_cant_stop_invading_my_privacy_to/e57v9n4/		[]
e57vtf5	1535819274	Why do you think he'll change?	jolie178923-15423435	e57v9n4	9c45kn	24	e57uesk	1538558247	0	{'gid_1': 0, 'gid_2': 0, 'gid_3': 0}	relationships	False	/r/relationships/comments/9c45kn/boyfriend_26m_cant_stop_invading_my_privacy_to/e57vtf5/		[]
e57xsig	1535821104	That‚Äôs not how jealousy and insecurity works. There‚Äôs nothing you can do to fix his mental issues, only he can change himself.	FormigaX	e57v9n4	9c45kn	176	e57uesk	1538559196	0	{'gid_1': 0, 'gid_2': 0, 'gid_3': 0}	relationships	False	/r/relationships/comments/9c45kn/boyfriend_26m_cant_stop_invading_my_privacy_to/e57xsig/		[]
e57zlso	1535822754	He‚Äôll use therapy against you. He‚Äôs not a project to fix. Get out of this abusive situation. 	suckzbuttz69420bro	e57v9n4	9c45kn	783	e57uesk	1538560018	0	{'gid_1': 0, 'gid_2': 0, 'gid_3': 0}	relationships	False	/r/relationships/comments/9c45kn/boyfriend_26m_cant_stop_invading_my_privacy_to/e57zlso/		[]
e57zv2o	1535822985	It will not work. He‚Äôs getting worse, not better.	ultraprismic	e57v9n4	9c45kn	16	e57uesk	1538560126	0	{'gid_1': 0, 'gid_2': 0, 'gid_3': 0}	relationships	False	/r/relationships/comments/9c45kn/boyfriend_26m_cant_stop_invading_my_privacy_to/e57zv2o/		[]
e57zvbr	1535822990	[removed]	[deleted]	e57v9n4	9c45kn	25	e57uesk	1538560129	0	{'gid_1': 0, 'gid_2': 0, 'gid_3': 0}	relationships	False	/r/relationships/comments/9c45kn/boyfriend_26m_cant_stop_invading_my_privacy_to/e57zvbr/		[]
e580trc	1535823849	"It's not as simple as ""I don't trust her."" He is actively trying to control you. It's more than trust. He is emotionally abusive."	Frigate_Orpheon	e57v9n4	9c45kn	42	e57uesk	1538560590	0	{'gid_1': 0, 'gid_2': 0, 'gid_3': 0}	relationships	False	/r/relationships/comments/9c45kn/boyfriend_26m_cant_stop_invading_my_privacy_to/e580trc/		[]
e580z38	1535823987	What he‚Äôs doing to you is abuse.  If you bring him to therapy, he will only learn better ways to twist everything around and abuse you more.	strawbabies	e57v9n4	9c45kn	16	e57uesk	1538560652	0	{'gid_1': 0, 'gid_2': 0, 'gid_3': 0}	relationships	False	/r/relationships/comments/9c45kn/boyfriend_26m_cant_stop_invading_my_privacy_to/e580z38/		[]
e5811ct	1535824046	Never go to therapy with an abuser. He'll just learn how to abuse you better.	unhappymedium	e57v9n4	9c45kn	302	e57uesk	1538560678	0	{'gid_1': 0, 'gid_2': 0, 'gid_3': 0}	relationships	False	/r/relationships/comments/9c45kn/boyfriend_26m_cant_stop_invading_my_privacy_to/e5811ct/		[]
e581dvj	1535824376	"It gets worse because he keeps pushing your boundaries more and more, and you put up with it each time.  There's no consequences for him, and he wants someone completely under his thumb.  

&amp;#x200B;

you need to leave."	Purl_Jam	e57v9n4	9c45kn	24	e57uesk	1538560882	0	{'gid_1': 0, 'gid_2': 0, 'gid_3': 0}	relationships	False	/r/relationships/comments/9c45kn/boyfriend_26m_cant_stop_invading_my_privacy_to/e581dvj/		[]
e581yef	1535824914	Cycle of abuse. You are in the cycle and you are afraid to get out.   	incognitothrowaway1A	e57v9n4	9c45kn	16	e57uesk	1538561122	0	{'gid_1': 0, 'gid_2': 0, 'gid_3': 0}	relationships	False	/r/relationships/comments/9c45kn/boyfriend_26m_cant_stop_invading_my_privacy_to/e581yef/		[]
e581z3p	1535824933	I‚Äôm seeing this sentiment a lot on this thread and have never heard this before. I‚Äôm curious to learn more? I was close to convincing an abusive ex to go to therapy with me and now I‚Äôm wondering if not going was a blessing in disguise. How does therapy help abusers refine their abuse?	toughlovelittledove	e5811ct	9c45kn	59	e57uesk	1538561131	0	{'gid_1': 0, 'gid_2': 0, 'gid_3': 0}	relationships	False	/r/relationships/comments/9c45kn/boyfriend_26m_cant_stop_invading_my_privacy_to/e581z3p/		[]
e581zts	1535824952	"You aren't going to take this seriously but I have a few minutes on my hands.

He more than likely does not have a mental problem.  What he seems to have is an entitlement problem.  That is abuser territory.  Abusers don't abuse because they're crazy, they abuse because they think they're entitled to treat their victim that way.  That they *deserve* it.

1. This will only get worse.
2. You have to leave.
3. I don't care how you feel about this guy, he's Bad News.
4. This will only get worse.

Do not take him to therapy with you.  Abusers only learn how better to abuse and hide it in those situations.  Make a plan to leave, keep it hidden, then leave when he's gone.

If you happen to have some free time, look for your BF in this book: ""Why Does He DO That?!"" by Lundy Bancroft.  It's about how to recognize abusers.  Also look at loveisrespect(dot)org.  Take the test there about whether this is abuse."	Aikistan	e57v9n4	9c45kn	272	e57uesk	1538561139	0	{'gid_1': 0, 'gid_2': 0, 'gid_3': 0}	relationships	False	/r/relationships/comments/9c45kn/boyfriend_26m_cant_stop_invading_my_privacy_to/e581zts/		[]
e582bon	1535825273	"As time passes you get more and more entrenched.  The best predictor of future behaviour is past behaviour. 

DO NOT have a baby with this guy. 

DO NOT marry this guy. 

Move out ‚Äî- the end. 

If you don‚Äôt you will be on this reddit sub when you are 30 and 40 ‚Äî what do you want for your future.   Take control over your own life.  "	incognitothrowaway1A	e57v9n4	9c45kn	39	e57uesk	1538561279	0	{'gid_1': 0, 'gid_2': 0, 'gid_3': 0}	relationships	False	/r/relationships/comments/9c45kn/boyfriend_26m_cant_stop_invading_my_privacy_to/e582bon/		[]
e5838mu	1535826156	They get better at knowing what other people see as normal and acceptable and hide their bad behaviors accordingly. They learn the language used in therapy surrounding abuse and they'll use it to sound intellectual to you and others to prove that they're not the one at fault, and they'll twist things around to make it sound like they're the victim. 	Korrin	e581z3p	9c45kn	217	e57uesk	1538561724	0	{'gid_1': 0, 'gid_2': 0, 'gid_3': 0}	relationships	False	/r/relationships/comments/9c45kn/boyfriend_26m_cant_stop_invading_my_privacy_to/e5838mu/		[]
e583jaq	1535826434	[removed]	[deleted]	e5838mu	9c45kn	1	e57uesk	1538561849	0	{'gid_1': 0, 'gid_2': 0, 'gid_3': 0}	relationships	False	/r/relationships/comments/9c45kn/boyfriend_26m_cant_stop_invading_my_privacy_to/e583jaq/		[]
e584y6b	1535827798	[deleted]	[deleted]	e581z3p	9c45kn	51	e57uesk	1538562502	0	{'gid_1': 0, 'gid_2': 0, 'gid_3': 0}	relationships	False	/r/relationships/comments/9c45kn/boyfriend_26m_cant_stop_invading_my_privacy_to/e584y6b/		[]
e586kc9	1535829380	[deleted]	[deleted]	e581z3p	9c45kn	58	e57uesk	1538563298	0	{'gid_1': 0, 'gid_2': 0, 'gid_3': 0}	relationships	False	/r/relationships/comments/9c45kn/boyfriend_26m_cant_stop_invading_my_privacy_to/e586kc9/		[]
e588svl	1535831543	You are using the logic of a normal brain to assess an abnormal reaction and response from a jealous untrusting brain. It typically does not get better, often it slowly ramps up and gets worse and worse. I‚Äôve heard, ‚Äúit can‚Äôt get much worse,‚Äù but it can. Only you can decide when the last time is going to be. You‚Äôll likely have to break up to get it to stop.	Bangbangsmashsmash	e57v9n4	9c45kn	11	e57uesk	1538564299	0	{'gid_1': 0, 'gid_2': 0, 'gid_3': 0}	relationships	False	/r/relationships/comments/9c45kn/boyfriend_26m_cant_stop_invading_my_privacy_to/e588svl/		[]
e588zrs	1535831722	"No, no, no, no, no.

Nothing you do will ever be enough, he's the one with the problem not you. Trusting people is scary but if you can't do it you have no business ruining someone else's life trying to control them.

Run, run, run."	beablake	e57v9n4	9c45kn	16	e57uesk	1538564439	0	{'gid_1': 0, 'gid_2': 0, 'gid_3': 0}	relationships	False	/r/relationships/comments/9c45kn/boyfriend_26m_cant_stop_invading_my_privacy_to/e588zrs/		[]
e5899f9	1535831980	Jesus, girl. No, he does not need to know your most intimate thoughts on top of everything you've ever written on the internet. He's got enough ammunition to fuck with your head. He needs individual therapy. And so do you, to figure out why you keep going deeper and deeper into this dysfunctional mess instead of running.	vegannazi	e57v9n4	9c45kn	11	e57uesk	1538564552	0	{'gid_1': 0, 'gid_2': 0, 'gid_3': 0}	relationships	False	/r/relationships/comments/9c45kn/boyfriend_26m_cant_stop_invading_my_privacy_to/e5899f9/		[]
e589j8k	1535832239	"It looks like you still believe you are doing something that's triggering his behavior. You aren't. There is nothing that you are doing wrong, and there is nothing you can do to ""make"" him trust you.

The problem is in his head. You can't fix it for him. It doesn't sound like you can live a normal life around him either, he is paranoid over your completely normal behavior."	raincharm	e57v9n4	9c45kn	38	e57uesk	1538564667	0	{'gid_1': 0, 'gid_2': 0, 'gid_3': 0}	relationships	False	/r/relationships/comments/9c45kn/boyfriend_26m_cant_stop_invading_my_privacy_to/e589j8k/		[]
e58c20t	1535834652	Ok everyone keeps telling me to read this book so guess I‚Äôm gonna read this book	toughlovelittledove	e586kc9	9c45kn	31	e57uesk	1538565845	0	{'gid_1': 0, 'gid_2': 0, 'gid_3': 0}	relationships	False	/r/relationships/comments/9c45kn/boyfriend_26m_cant_stop_invading_my_privacy_to/e58c20t/		[]
e58c5oz	1535834754	"&gt; I always think that as time passes by, he‚Äôll start trusting me, 

People never just change. They have to 1) want to change of their own accord and 2) take active steps to change. 

You are learning a painful and powerful lesson here. If something sucks about your relationship, don't just expect it to change. If it's a major red flag, like this one, just break it off, even if you love them. If it's more minor, talk to them about changing, but still be prepared to break things off if nothing does."	ObservantBarracuda	e57v9n4	9c45kn	11	e57uesk	1538565889	0	{'gid_1': 0, 'gid_2': 0, 'gid_3': 0}	relationships	False	/r/relationships/comments/9c45kn/boyfriend_26m_cant_stop_invading_my_privacy_to/e58c5oz/		[]
e58ecar	1535836828	"‚ÄúThe more psychotherapy an abusive man has participated in, the more impossible I usually find it is to work with him.

The highly ‚Äútherapized‚Äù abuser tends to be slick, condescending, and manipulative. He uses the psychological concepts he has learned to dissect his partner‚Äôs flaws and dismiss her perceptions of abuse. He takes responsibility for nothing that he does; he moves in a world where there are only unfortunate dynamics, miscommunications, symbolic acts. He expects to be rewarded for his emotional openness, handled gingerly because of his ‚Äúvulnerability,‚Äù colluded with in skirting the damage he has done, and congratulated for his insight.

Many years ago, a violent abuser in my program shared the following with us: ‚ÄúFrom working in therapy on my issues about anger toward my mother, I realized that when I punched my wife, it wasn‚Äôt really her I was hitting. It was my mother!‚Äù He sat back, ready for us to express our approval of his self-awareness. My colleague peered through his glasses at the man, unimpressed by this revelation. ‚ÄúNo,‚Äù he said, ‚Äúyou were hitting your wife.‚Äù

I have yet to meet an abuser who has made any meaningful and lasting changes in his behavior toward female partners through therapy, regardless of how much ‚Äúinsight‚Äù‚Äîmost of it false‚Äîthat he may have gained. The fact is that if an abuser finds a particularly skilled therapist and if the therapy is especially successful, when he is finished he will be a happy, well-adjusted abuser‚Äîgood news for him, perhaps, but not such good news for his partner. Psychotherapy can be very valuable for the issues it is devised to address, but partner abuse is not one of them; an abusive man needs to be in a specialized program.‚Äù

-Lundy Bancroft, ‚ÄúWhy Does He Do That‚Äù"	summerholiday	e581z3p	9c45kn	135	e57uesk	1538566925	0	{'gid_1': 0, 'gid_2': 0, 'gid_3': 0}	relationships	False	/r/relationships/comments/9c45kn/boyfriend_26m_cant_stop_invading_my_privacy_to/e58ecar/		[]
e58esv1	1535837281	This, 100%. I gave my ex an ultimatum: come to counselling with me or I‚Äôm leaving ASAP. He agreed to the counselling but didn‚Äôt actively participate in any of the sessions while I poured my guts out. He just sat there like a dumbass, however away from the sessions he would use all the psych babble against me, and knew how to push my buttons more effectively. He turned into a gaslighting pro. Left him after four sessions. Infinitely happier.	Diggsworm	e5838mu	9c45kn	167	e57uesk	1538567119	0	{'gid_1': 0, 'gid_2': 0, 'gid_3': 0}	relationships	False	/r/relationships/comments/9c45kn/boyfriend_26m_cant_stop_invading_my_privacy_to/e58esv1/		[]
e58fz8c	1535838410	I wouldn‚Äôt even waste my time on therapy. It won‚Äôt get better. He has major issues that you can‚Äôt help fix. Better to ditch him. 	CanuckLoonieGurl	e57v9n4	9c45kn	4	e57uesk	1538567673	0	{'gid_1': 0, 'gid_2': 0, 'gid_3': 0}	relationships	False	/r/relationships/comments/9c45kn/boyfriend_26m_cant_stop_invading_my_privacy_to/e58fz8c/		[]
e58hgc4	1535839845	This makes a bucketload of sense to me regarding a past situation in my own life so thank you!! 	scoutriver	e5838mu	9c45kn	28	e57uesk	1538568353	0	{'gid_1': 0, 'gid_2': 0, 'gid_3': 0}	relationships	False	/r/relationships/comments/9c45kn/boyfriend_26m_cant_stop_invading_my_privacy_to/e58hgc4/		[]
e58hhan	1535839871	"I've been in an abusive relationship. I never thought I would be. I kept blaming my ""dumb"" self for trusting where I should know better, and blaming myself for not trusting where I should keep trying (so I kept on trying).

Abuse often feels like the abused person (trying to be idealistic and loving and a healer and the better person) trying to control the situation by taking responsibility for it (and with that comes an illusion of control, masking the abuse),

*but*

actually,

the only way out

is to say

""I don't have control over this""

and get the fuck out."	kitelovesyou	e57v9n4	9c45kn	19	e57uesk	1538568365	0	{'gid_1': 0, 'gid_2': 0, 'gid_3': 0}	relationships	False	/r/relationships/comments/9c45kn/boyfriend_26m_cant_stop_invading_my_privacy_to/e58hhan/		[]
e58hie0	1535839901	"&gt; I‚Äôm seeing this sentiment a lot on this thread and have never heard this before

I swear I had heard this advice on Loveline back in the day, so I'd say it's a pretty old piece of advice.

If you look up ""Why We Don‚Äôt Recommend Couples Counseling for Abusive Relationships"", you'll see an article from thehotline about why it's a bad idea.

&gt;In order for couples counseling to be successful, both partners must be willing to take responsibility for their actions and make adjustments to their behavior. **Abusive people want all of the power and control in the relationship and will focus on maintaining that imbalance, even if it means continuing unhealthy and hurtful behavior patterns. Many callers to the Hotline have related stories of trying and ‚Äúfailing‚Äù at couples counseling because of an abusive partner‚Äôs focus on manipulating the sessions to place blame, minimize the abuse, and attempt to win over the therapist to their side.** If the therapist tries to hold the abusive partner accountable for these tactics, they will often refuse to attend further sessions and may even forbid their partner to see the ‚Äúbiased‚Äù therapist again. The abusive partner may even choose to escalate the abuse because they feel their power and control was threatened."	BaeKeepsOnSlippin	e581z3p	9c45kn	53	e57uesk	1538568377	0	{'gid_1': 0, 'gid_2': 0, 'gid_3': 0}	relationships	False	/r/relationships/comments/9c45kn/boyfriend_26m_cant_stop_invading_my_privacy_to/e58hie0/		[]
e58hkb2	1535839953	"&gt; I‚Äôve thought about bringing him to therapy sessions but idk if it‚Äôll work

No, move on. Break up and don't speak to him again. Go BE HAPPY. Stop living in a miserable relationship and find a way to find your own happiness. "	ExpFilm_Student	e57v9n4	9c45kn	4	e57uesk	1538568400	0	{'gid_1': 0, 'gid_2': 0, 'gid_3': 0}	relationships	False	/r/relationships/comments/9c45kn/boyfriend_26m_cant_stop_invading_my_privacy_to/e58hkb2/		[]
e58hxrz	1535840329	This not about trust, it's about control.   These behaviors escalate.	reptilesni	e57v9n4	9c45kn	7	e57uesk	1538568614	0	{'gid_1': 0, 'gid_2': 0, 'gid_3': 0}	relationships	False	/r/relationships/comments/9c45kn/boyfriend_26m_cant_stop_invading_my_privacy_to/e58hxrz/		[]
e58hzxt	1535840386	"&gt; I‚Äôve thought about bringing him to therapy sessions but idk if it‚Äôll work

It won't. He needs to go to individual therapy. He likely will use couple's therapy to manipulate you further.

Also, he has not had any consequences from his actions.

&gt; I always think that as time passes by, he‚Äôll start trusting me

In a future relationship *that does not involve you*, he might have figured his shit out enough to trust people. That's not going to happen between you two. It's done.

Couple's therapy will make it worse. You breaking up with him permanently and him going to individual therapy might help him some day. But it won't ever be with you.

There are better people out there."	Grand_Imperator	e57v9n4	9c45kn	19	e57uesk	1538568640	0	{'gid_1': 0, 'gid_2': 0, 'gid_3': 0}	relationships	False	/r/relationships/comments/9c45kn/boyfriend_26m_cant_stop_invading_my_privacy_to/e58hzxt/		[]
e58i76g	1535840579	"Years ago, I went to therapy with an abusive ex. (Unfortunately I‚Äôd never heard the advice not to.) I can attest that it was a nightmare. We only went to one session. A lot of my energy in the session was invested in trying not to anger him; but I was still trying to be open and honest with our therapist. 

My ex became increasingly agitated and hostile, interrupted, and accused me of ‚Äútrying to turn (the therapist) against him.‚Äù The therapist was having none of it and actually set boundaries. Eventually, my ex stormed out, leaving me sobbing alone. The therapist gently informed me that I was welcome to come back, but the dynamic with my ex was toxic and my ex could not come back. 

When I got home, my ex flipped on me. He spent the next several weeks blaming and guilt-tripping me for ‚Äúdemonizing‚Äù him in therapy, and doing the wounded-animal act abusers sometimes do when it was very ‚Äúoh woe, you‚Äôve wounded me to the core.‚Äù I regretted every second that we‚Äôd gone to therapy and wished we‚Äôd never done it.

In the end, it just became one more thing he gaslit me over and used against me. 

No healthy therapy is possible with an abuser, because they‚Äôre not actually interested in changing. They just want to retain their control. And if the therapist sees through it (as many do) and doesn‚Äôt allow them to impose their worldview on the therapy, they will go off the rails. "	Snowdrift430	e581z3p	9c45kn	60	e57uesk	1538568725	0	{'gid_1': 0, 'gid_2': 0, 'gid_3': 0}	relationships	False	/r/relationships/comments/9c45kn/boyfriend_26m_cant_stop_invading_my_privacy_to/e58i76g/		[]
e58i8g6	1535840615	"&gt;he‚Äôll start trusting me,

What about *your* trust? He's done a ton of stuff out of paranoia/insecurity/jealousy/control issues that have brought you to a point that you don't feel comfortable *in your own home!* 

There's nothing here in this relationship. He's controlling, jealous, emotionally manipulative, and he's already broken up with you twice. Get out of this and stay out of this. Remember, you know you haven't done anything wrong and you have nothing you need to prove to him.  "	Phobos75	e57v9n4	9c45kn	38	e57uesk	1538568740	0	{'gid_1': 0, 'gid_2': 0, 'gid_3': 0}	relationships	False	/r/relationships/comments/9c45kn/boyfriend_26m_cant_stop_invading_my_privacy_to/e58i8g6/		[]
e58ic9s	1535840718	"THIS, OP. 

You aren‚Äôt triggering his behavior, that‚Äôs him finding a way to blame his behaviors on you instead of taking responsibility for his own issues. Don‚Äôt believe him when he says that you‚Äôre hiding something or doing something wrong. "	tiggyandthewall	e589j8k	9c45kn	18	e57uesk	1538568786	0	{'gid_1': 0, 'gid_2': 0, 'gid_3': 0}	relationships	False	/r/relationships/comments/9c45kn/boyfriend_26m_cant_stop_invading_my_privacy_to/e58ic9s/		[]
e58ioc8	1535841052	[removed]	[deleted]	e57v9n4	9c45kn	0	e57uesk	1538568928	0	{'gid_1': 0, 'gid_2': 0, 'gid_3': 0}	relationships	False	/r/relationships/comments/9c45kn/boyfriend_26m_cant_stop_invading_my_privacy_to/e58ioc8/		[]
e58jgoi	1535841826	"I just had to end a relationship over the same shit. He didn't respect my emotional privacy and would dig through conversations with my best frielnd once he didn't find anything to be mad about in messages with guys. And it happened twice!! (After promising me never again after the first time) huge deal breaker for me. When I caught him the second time I ended it on the spot. He was on his knees sobbing and apologizing, it was absolutely horrific. But he knew it was my deal-breaker and did it anyway. That's on him, not on me. And it's not on you OP if he is invading your emotional privacy to the point you feel completely exposed and helpless. 

(I'm simplifying of course. It's not easy to essentially dump yourself over someone else's actions forcing you to. And I'm lucky we had been together less than a year and he revealed this side of himself early enough that I was very wary and resentful to begin with so it was easier to leave. But aside from that we'd grown very close and I do miss him. But ultimately I can't live knowing each new friend comes at the sacrifice of hurting my relationship, or never being allowed to be friendly with new people if I want to preserve peace. It took a lot of strength to pull the plug and keep it pulled after a lot of internal debate and facing his pleas, and I hope you find your strength to do it too.)"	the_cucumber	e57v9n4	9c45kn	11	e57uesk	1538569316	0	{'gid_1': 0, 'gid_2': 0, 'gid_3': 0}	relationships	False	/r/relationships/comments/9c45kn/boyfriend_26m_cant_stop_invading_my_privacy_to/e58jgoi/		[]
e58jhwl	1535841858	"Do not let him anywhere near your birth control.

Do not rely on him to use a condom."	joalca	e582bon	9c45kn	27	e57uesk	1538569331	0	{'gid_1': 0, 'gid_2': 0, 'gid_3': 0}	relationships	False	/r/relationships/comments/9c45kn/boyfriend_26m_cant_stop_invading_my_privacy_to/e58jhwl/		[]
e58jrau	1535842114	You shouldn't have to wait for that. And it will never come, it'll escalate because he's abusive. He'll make you feel bad for going out with friends. You'll feel like he's the only person in your life, which makes it harder for you to leave. He'll create rifts between you and your family for the same reason. Then he'll want you to stop working - he makes enough and he can take care of you! Now he makes all the money and you have no control over any of it, meaning you can't leave even if you wanted to. How would you get an apartment with no job and no money?? Then things really escalate, he becomes physically and sexually violent, but you're too embarrassed to ask for help from the family and friends you alienated long ago. He's in control and you're trapped. Until one night he gets really angry and he kills you.	ancon	e57v9n4	9c45kn	5	e57uesk	1538569441	0	{'gid_1': 0, 'gid_2': 0, 'gid_3': 0}	relationships	False	/r/relationships/comments/9c45kn/boyfriend_26m_cant_stop_invading_my_privacy_to/e58jrau/		[]
e58ki4i	1535842844	It's time to go, you gave it a good shot. You have nothing to feel bad about here, you are worth more than this.	Recoveringfrenchman	e57v9n4	9c45kn	4	e57uesk	1538569812	0	{'gid_1': 0, 'gid_2': 0, 'gid_3': 0}	relationships	False	/r/relationships/comments/9c45kn/boyfriend_26m_cant_stop_invading_my_privacy_to/e58ki4i/		[]
e58kqip	1535843078	I'd argue that entitlement is a form of craziness but otherwise I agree	KUSH_DELIRIUM	e581zts	9c45kn	10	e57uesk	1538569911	0	{'gid_1': 0, 'gid_2': 0, 'gid_3': 0}	relationships	False	/r/relationships/comments/9c45kn/boyfriend_26m_cant_stop_invading_my_privacy_to/e58kqip/		[]
e58ku2z	1535843179	This. üíØ. Couldn‚Äôt have said it better myself. 	Ambitious_Hippie	e581zts	9c45kn	25	e57uesk	1538569953	0	{'gid_1': 0, 'gid_2': 0, 'gid_3': 0}	relationships	False	/r/relationships/comments/9c45kn/boyfriend_26m_cant_stop_invading_my_privacy_to/e58ku2z/		[]
e58l339	1535843434	They will also collect personal information about you obtained in therapy and use it against you in the heat of an argument, twisting your words until you apologize for having said something completely legit. And then they will make you think you‚Äôre crazy for being honest about how fucked up the situ is. It‚Äôs called gaslighting. It‚Äôs extremely toxic. I divorced my ex because of this and other reasons. Get out now, please, and get a restraining order if you need one. Good luck. 	Ambitious_Hippie	e5838mu	9c45kn	39	e57uesk	1538570060	0	{'gid_1': 0, 'gid_2': 0, 'gid_3': 0}	relationships	False	/r/relationships/comments/9c45kn/boyfriend_26m_cant_stop_invading_my_privacy_to/e58l339/		[]
e58m2g1	1535844461	"when someone shows you who they are, believe them the first time. he‚Äôs not going to get better. he seems already to be getting worse. and the longer you stay with him the more invested you become, making it harder to get away. please take care, leave, take what protective measures you can. also if your therapist isn‚Äôt helping you see this, get another therapist.  
good luck! be safe! "	erydanis	e57v9n4	9c45kn	4	e57uesk	1538570529	0	{'gid_1': 0, 'gid_2': 0, 'gid_3': 0}	relationships	False	/r/relationships/comments/9c45kn/boyfriend_26m_cant_stop_invading_my_privacy_to/e58m2g1/		[]
e58m48l	1535844513	THIS RIGHT HERE. He will definitely use your feelings against you if you bring him to therapy. He will pretend to understand and maybe seem apologetic during the session, and then things will become worse afterwards. This bridge needs to be burned. Laptop needs to be reset to factory settings. Maybe search around for how to find if he's got a keylogger (is that the right term?) downloaded on the laptop and how to go about getting rid of it. Find someone tech savvy. Take this to the police if he has done that 	ItCreepsAtNight	e57zlso	9c45kn	236	e57uesk	1538570551	0	{'gid_1': 0, 'gid_2': 0, 'gid_3': 0}	relationships	False	/r/relationships/comments/9c45kn/boyfriend_26m_cant_stop_invading_my_privacy_to/e58m48l/		[]
e58mepd	1535844824	He will never trust you and this will only get worse.	Darksidefthspoon	e57v9n4	9c45kn	6	e57uesk	1538570675	0	{'gid_1': 0, 'gid_2': 0, 'gid_3': 0}	relationships	False	/r/relationships/comments/9c45kn/boyfriend_26m_cant_stop_invading_my_privacy_to/e58mepd/		[]
e58mhmo	1535844907	Omg what a nightmare I‚Äôm so sorry	toughlovelittledove	e58esv1	9c45kn	46	e57uesk	1538570709	0	{'gid_1': 0, 'gid_2': 0, 'gid_3': 0}	relationships	False	/r/relationships/comments/9c45kn/boyfriend_26m_cant_stop_invading_my_privacy_to/e58mhmo/		[]
e58mw79	1535845320	It only works if they see that they have an issue. 	ODLL223	e57v9n4	9c45kn	3	e57uesk	1538570882	0	{'gid_1': 0, 'gid_2': 0, 'gid_3': 0}	relationships	False	/r/relationships/comments/9c45kn/boyfriend_26m_cant_stop_invading_my_privacy_to/e58mw79/		[]
e58nsrn	1535846252	Sorry to break it to you - it won‚Äôt! Just MOVE ON and find happiness. In a year you will look back and wonder wtf you were thinking.	wanda_pepper	e57v9n4	9c45kn	4	e57uesk	1538571318	0	{'gid_1': 0, 'gid_2': 0, 'gid_3': 0}	relationships	False	/r/relationships/comments/9c45kn/boyfriend_26m_cant_stop_invading_my_privacy_to/e58nsrn/		[]
e58py0d	1535848492	It was four years ago and the best decision I ever made. It was hard at the time (our daughter was only 15 months old) but life is so, so, *so* much better and *easier* now!	Diggsworm	e58mhmo	9c45kn	38	e57uesk	1538572339	0	{'gid_1': 0, 'gid_2': 0, 'gid_3': 0}	relationships	False	/r/relationships/comments/9c45kn/boyfriend_26m_cant_stop_invading_my_privacy_to/e58py0d/		[]
e58qmmw	1535849203	There's nothing *you* can do to fix this because *you* aren't the problem. He has to realize he's messed up, want to change, and seek therapy on his own. I seriously doubt that's going to happen so please break free of him and get your life back! 	conamo	e57v9n4	9c45kn	3	e57uesk	1538572633	0	{'gid_1': 0, 'gid_2': 0, 'gid_3': 0}	relationships	False	/r/relationships/comments/9c45kn/boyfriend_26m_cant_stop_invading_my_privacy_to/e58qmmw/		[]
e58qoky	1535849260	[removed]	[deleted]	e58py0d	9c45kn	1	e57uesk	1538572656	0	{'gid_1': 0, 'gid_2': 0, 'gid_3': 0}	relationships	False	/r/relationships/comments/9c45kn/boyfriend_26m_cant_stop_invading_my_privacy_to/e58qoky/		[]
e58qp50	1535849276	[removed]	[deleted]	e58c20t	9c45kn	3	e57uesk	1538572662	0	{'gid_1': 0, 'gid_2': 0, 'gid_3': 0}	relationships	False	/r/relationships/comments/9c45kn/boyfriend_26m_cant_stop_invading_my_privacy_to/e58qp50/		[]
e58r6ub	1535849784	"It's rarely worth trying to change someone. You think it's worth it because I'm assuming he has his good traits, but this particular behavior isn't worth working on. Not only that, but it's fairly impossible for you to do anything about it. If he wants to change his trust issues and manipulative behavior, he needs therapy and the desire to change it for his own benefit.

You are his girlfriend, not his therapist, and you are not equipped to fix this. It is not your place to fix it. It is damaging to attempt to play therapist to your lover. Your choices are to accept it, tell him to fix it, or leave him."	Krellous	e57v9n4	9c45kn	2	e57uesk	1538572922	0	{'gid_1': 0, 'gid_2': 0, 'gid_3': 0}	relationships	False	/r/relationships/comments/9c45kn/boyfriend_26m_cant_stop_invading_my_privacy_to/e58r6ub/		[]
e58s8pi	1535850890	[removed]	[deleted]	e58py0d	9c45kn	1	e57uesk	1538573421	0	{'gid_1': 0, 'gid_2': 0, 'gid_3': 0}	relationships	False	/r/relationships/comments/9c45kn/boyfriend_26m_cant_stop_invading_my_privacy_to/e58s8pi/		[]
e58tyvl	1535852705	[removed]	[deleted]	e58s8pi	9c45kn	3	e57uesk	1538574208	0	{'gid_1': 0, 'gid_2': 0, 'gid_3': 0}	relationships	False	/r/relationships/comments/9c45kn/boyfriend_26m_cant_stop_invading_my_privacy_to/e58tyvl/		[]
e58u513	1535852884	"He‚Äôs already doing it. 

‚ÄúI‚Äôm not invading your privacy and attempting to isolate you from your friends and support system, I just have *trust issues.*‚Äù"	50M3K00K	e5838mu	9c45kn	44	e57uesk	1538574280	0	{'gid_1': 0, 'gid_2': 0, 'gid_3': 0}	relationships	False	/r/relationships/comments/9c45kn/boyfriend_26m_cant_stop_invading_my_privacy_to/e58u513/		[]
e58uswr	1535853602	I'm glad that his delusional state of being irresistible to you makes him be kind and. It abusive. You sound like a great mom and a strong women. Your daughter is lucky to have you as a role model and a mom.	i_was_a_person_once	e58tyvl	9c45kn	2	e57uesk	1538574618	0	{'gid_1': 0, 'gid_2': 0, 'gid_3': 0}	relationships	False	/r/relationships/comments/9c45kn/boyfriend_26m_cant_stop_invading_my_privacy_to/e58uswr/		[]
e58wc87	1535855240	You can never change him to be a better person. He can only change you to be more frustrated and miserable. 	Blirby	e57v9n4	9c45kn	3	e57uesk	1538575324	0	{'gid_1': 0, 'gid_2': 0, 'gid_3': 0}	relationships	False	/r/relationships/comments/9c45kn/boyfriend_26m_cant_stop_invading_my_privacy_to/e58wc87/		[]
e58whn4	1535855406	You just described my dad in his couples therapy with my step mom. Yikes. 	Wubbalubbadubbitydo	e5838mu	9c45kn	10	e57uesk	1538575388	0	{'gid_1': 0, 'gid_2': 0, 'gid_3': 0}	relationships	False	/r/relationships/comments/9c45kn/boyfriend_26m_cant_stop_invading_my_privacy_to/e58whn4/		[]
e590ot0	1535860324	Never go to therapy with an abuser. The abuse will get worse.	[deleted]	e57v9n4	9c45kn	6	e57uesk	1538577333	0	{'gid_1': 0, 'gid_2': 0, 'gid_3': 0}	relationships	False	/r/relationships/comments/9c45kn/boyfriend_26m_cant_stop_invading_my_privacy_to/e590ot0/		[]
e590r08	1535860402	It isn't you that's the problem, or anything you can do to change his perception of you. This is an internal issue of his own.	Crabtoe	e57v9n4	9c45kn	3	e57uesk	1538577360	0	{'gid_1': 0, 'gid_2': 0, 'gid_3': 0}	relationships	False	/r/relationships/comments/9c45kn/boyfriend_26m_cant_stop_invading_my_privacy_to/e590r08/		[]
e592tp2	1535863232	"please listen to /u/unhappymedium (""Never go to therapy with an abuser. He'll just learn how to abuse you better"").  I can't emphasize/upvote this enough.

Also, something to think about:  the issue here isn't that he doesn't trust you.  Whether he trusts you or not has nothing to do with the way he is violating you.  I can promise you, it only gets worse from here.  And right now, it's bad enough to keep you from sleeping at night.

Please think about this.  And stay safe *hugs*

"	fairbianca	e57v9n4	9c45kn	6	e57uesk	1538578353	0	{'gid_1': 0, 'gid_2': 0, 'gid_3': 0}	relationships	False	/r/relationships/comments/9c45kn/boyfriend_26m_cant_stop_invading_my_privacy_to/e592tp2/		[]
e59337a	1535863603	Why are you staying in a relationship that isn't going to change and only makes you miserable?	peace_and_long_life	e57v9n4	9c45kn	2	e57uesk	1538578464	0	{'gid_1': 0, 'gid_2': 0, 'gid_3': 0}	relationships	False	/r/relationships/comments/9c45kn/boyfriend_26m_cant_stop_invading_my_privacy_to/e59337a/		[]
e5969u0	1535868699	Thanks mate, that‚Äôs very kind for you to say! 	Diggsworm	e58uswr	9c45kn	1	e57uesk	1538579920	0	{'gid_1': 0, 'gid_2': 0, 'gid_3': 0}	relationships	False	/r/relationships/comments/9c45kn/boyfriend_26m_cant_stop_invading_my_privacy_to/e5969u0/		[]
e5977my	1535870464	In addition to what others above have mentioned, therapists can be just as susceptible to the manipulations of a charming person and some therapist are just plain bad. There have been numerous posts here where the abuser turned the therapist into their flying monkey and the therapist contributed to the abuse by putting the blame for the issues on the victim.	unhappymedium	e581z3p	9c45kn	14	e57uesk	1538580372	0	{'gid_1': 0, 'gid_2': 0, 'gid_3': 0}	relationships	False	/r/relationships/comments/9c45kn/boyfriend_26m_cant_stop_invading_my_privacy_to/e5977my/		[]
e599ay6	1535874791	"I‚Äôve never thought about that, thank you! I‚Äôd definitely not bring him with me.
Truth is, I‚Äôve always felt like I‚Äôm the one abusing him and for most parts it‚Äôs probably true, though in the end I‚Äôm the one that‚Äôs hurt and he‚Äôs fine. I‚Äôm the most insecure person in the world and have anger management issues. That‚Äôs why I‚Äôm going to therapy and I feel it‚Äôs not working because he‚Äôs setting me back. To be honest, I‚Äôve accepted the fact that he hates my friends (especially the male ones) and best case scenario I‚Äôd hang out with them once every 6 months, but looking through my private stuff is next level. Even I, with all my insecurities and issues, would never do that. 
Last night we went to a corporate event from where he works and he said he shouldn‚Äôt do stuff like that because ‚ÄúI‚Äôm so beautiful and he wouldn‚Äôt forgive himself if I leave him‚Äù which was, in my opinion, a shallow and offensive thing to say. Sometimes I feel he sees me as some kind of a brainless creature who, if left alone for a minute, will have sex with the first random stranger. "	asdfg1234566	e5977my	9c45kn	2	e57uesk	1538581368	0	{'gid_1': 0, 'gid_2': 0, 'gid_3': 0}	relationships	False	/r/relationships/comments/9c45kn/boyfriend_26m_cant_stop_invading_my_privacy_to/e599ay6/		[]
e599nn9	1535875579	[deleted]	[deleted]	e57v9n4	9c45kn	1	e57uesk	1538581519	0	{'gid_1': 0, 'gid_2': 0, 'gid_3': 0}	relationships	False	/r/relationships/comments/9c45kn/boyfriend_26m_cant_stop_invading_my_privacy_to/e599nn9/		[]
e59abnc	1535877110	"&gt;I‚Äôve always felt like I‚Äôm the one abusing him

That's just another thing they do. ""I am so hurt that you say the things I do to you caused you pain. My hurt over this is worse than the harm I did to you in the first place. Maybe YOU are abusing ME with this?""

It's tricky, because I could also turn that around to be true-ish. Like ""You're hiding things from me on purpose, then I get worried and then you have the nerve to tell me this is my fault, you're gaslighting me.""

Now, I'm NOT saying this is the case, but once there is abuse in a relationship, the abusing partner can twist it whichever way they want. That's why the rule of thumb should be: Once there is abuse, the relationship must end.

This way, you can be free of the worry if it's really you, not him, because, hey, doesn't matter. Break up either way."	RandomRabbitEar	e599ay6	9c45kn	7	e57uesk	1538581856	0	{'gid_1': 0, 'gid_2': 0, 'gid_3': 0}	relationships	False	/r/relationships/comments/9c45kn/boyfriend_26m_cant_stop_invading_my_privacy_to/e59abnc/		[]
e59ad2o	1535877202	Well said... This is abuse straight up and this guy is not worth the time of day. The good news is you'll know what to spot for in the future to avoid selfish, manipulative and abusive creepers like this one.	Doodersh	e58m48l	9c45kn	24	e57uesk	1538581873	0	{'gid_1': 0, 'gid_2': 0, 'gid_3': 0}	relationships	False	/r/relationships/comments/9c45kn/boyfriend_26m_cant_stop_invading_my_privacy_to/e59ad2o/		[]
e59afby	1535877353	"If OP ever managed to stop all the things he blames for his abuse, he'll find new behaviours OP needs to drop, until there is no OP left.

Abuse victims often describe how they end up feeling numb, empty, a shell of themselves. That's a part of why that is."	RandomRabbitEar	e589j8k	9c45kn	3	e57uesk	1538581900	0	{'gid_1': 0, 'gid_2': 0, 'gid_3': 0}	relationships	False	/r/relationships/comments/9c45kn/boyfriend_26m_cant_stop_invading_my_privacy_to/e59afby/		[]
e59cr2v	1535882954	Even if he went to therapy, I think the damage has been done already.  Reading your post I don't really see why you'd even want to put the effort into this.  If he cared about the effects of his actions, he would have pursued therapy on his own well before now.  It sounds like you need to try to stop fixing what's beyond broken and move on.	torndownunit	e57v9n4	9c45kn	1	e57uesk	1538582941	0	{'gid_1': 0, 'gid_2': 0, 'gid_3': 0}	relationships	False	/r/relationships/comments/9c45kn/boyfriend_26m_cant_stop_invading_my_privacy_to/e59cr2v/		[]
e59ex1z	1535887898	"‚ÄúTo be honest, I‚Äôve accepted the fact that he hates my friends...and best case scenario I‚Äôd hang out with them once every 6 months‚Äù

Okay, now I‚Äôm convinced that you‚Äôre being groomed for escalating abuse from this guy. He‚Äôs isolated you through his disapproval of your friends so no one tries to tell you how awful what he does to you really is, and you never leave. 

You feel like he sees you like a brainless creature *because that is exactly how he treats you.* 

This will *only* get worse and *you deserve better.* Please, please leave him."	afternoonbeauty	e599ay6	9c45kn	5	e57uesk	1538583971	0	{'gid_1': 0, 'gid_2': 0, 'gid_3': 0}	relationships	False	/r/relationships/comments/9c45kn/boyfriend_26m_cant_stop_invading_my_privacy_to/e59ex1z/		[]
e59kinx	1535896460	Nope. Get a better boyfriend.	jarroz61	e57v9n4	9c45kn	1	e57uesk	1538586618	0	{'gid_1': 0, 'gid_2': 0, 'gid_3': 0}	relationships	False	/r/relationships/comments/9c45kn/boyfriend_26m_cant_stop_invading_my_privacy_to/e59kinx/		[]
e59kxwj	1535896966	"Therapy fixes communication problems, not character deficiency. Your boyfriend believes he owns you. Therapy doesn't fix flawed values, unless he admits he has a problem and is willing to work on himself, but the core essence of entitlement is refusing to acknowledge you have a problem to begin with. And even then, he'd have to do the work outside of your relationship.

In sum, YOU cannot fix him with therapy. You need to get out of there."	[deleted]	e57v9n4	9c45kn	1	e57uesk	1538586798	0	{'gid_1': 0, 'gid_2': 0, 'gid_3': 0}	relationships	False	/r/relationships/comments/9c45kn/boyfriend_26m_cant_stop_invading_my_privacy_to/e59kxwj/		[]
e59mty4	1535899044	"Op, I recommend you to break up as soon as possible. 
I had same problem with girlfriend, when we started to date, my ex sometimes texted me some friendly stuff, cause we already kinda exhausted each other and she was in other relationship too, but after several years together we developed some soulmate atmosphere and it was kinda hard to avoid it. 
Of course, it wasn‚Äôt taken warmly by my new gf, and to be fair I found it‚Äôs pretty justifiable, so at some point, I cut off completely from my ex, blocking and canceling everywhere, it wasn‚Äôt move I liked, but I wanted it to be better for my new love interest. Things didn‚Äôt changed for my gf tho, she was always suspicious and testing me, like she liked to ask me out of blue, how is my ex..
She never stopped at stalking and snooping, often taking my phone and checking my browser history when it was super embarrassing, like I googled sometimes some weird stuff before bed like ‚Äúhow hippos breath underwater‚Äù or ‚Äúwhy mosquito bites can be itchy‚Äù lol.

So she checked everything and cause in my native language can be spelled in different ways she tried all variations in message history trying to find at least something, once she found out that one of my buddies liked one specific trait of my ex more than my current one, I defended my gf here saying, that she excels in many more other qualities, and it doesn‚Äôt matter. Still my girlfriend made big scene out of it, that even Ex name was brought up and of course hating my friend. 

We broke up with her later, in few years, we just were tired of each other, and I started to distance myself out, at some point after series of spectacle ‚ÄúI‚Äôm leaving you‚Äù I realized that it‚Äôs my time to take the reins and finally be over with it. In the end of the day, I realized that this stalking, invasion of privacy and constant suspicion made those relationships a failure, it was rotting slowly from inside. "	Wynandrork	e57v9n4	9c45kn	1	e57uesk	1538587651	0	{'gid_1': 0, 'gid_2': 0, 'gid_3': 0}	relationships	False	/r/relationships/comments/9c45kn/boyfriend_26m_cant_stop_invading_my_privacy_to/e59mty4/		[]
e59ntbd	1535900049	A really good therapist will see the dynamic and call out the abuse. But that‚Äôs rare. And even when it happens the abuser doesn‚Äôt change, just gets even angrier. 	Monalisa9298	e581z3p	9c45kn	1	e57uesk	1538588125	0	{'gid_1': 0, 'gid_2': 0, 'gid_3': 0}	relationships	False	/r/relationships/comments/9c45kn/boyfriend_26m_cant_stop_invading_my_privacy_to/e59ntbd/		[]
e59pysr	1535902245	[removed]	[deleted]	e581z3p	9c45kn	1	e57uesk	1538589148	0	{'gid_1': 0, 'gid_2': 0, 'gid_3': 0}	relationships	False	/r/relationships/comments/9c45kn/boyfriend_26m_cant_stop_invading_my_privacy_to/e59pysr/		[]
e59r339	1535903340	"Yep
I learned the hard way. Invited ex to attend equine assisted therapy with our kids. 
4 sessions in of him doing nothing but bad mouthing me, everything about me. 
I had enough and ended that right then and there. 
Horses even had enough of his bullshit and one of the horses smacked him in the face with his tail. I shit you not. 

BEST.SESSION.EVER. "	simplicity38	e5811ct	9c45kn	3	e57uesk	1538589677	0	{'gid_1': 0, 'gid_2': 0, 'gid_3': 0}	relationships	False	/r/relationships/comments/9c45kn/boyfriend_26m_cant_stop_invading_my_privacy_to/e59r339/		[]
e59ws2o	1535908758	"This is legitimately what I'm fearful of. I respect unbiased and objective therapy; I welcome therapist opinions that challenge my beliefs. 

But my fear and wonder is whether therapists are manipulated by a patient. 

Don't they have practices set in place to prevent this from happening? Fallback techniques to reel the therapist back into ""objective"" mode?"	katsumii	e5977my	9c45kn	1	e57uesk	1538592309	0	{'gid_1': 0, 'gid_2': 0, 'gid_3': 0}	relationships	False	/r/relationships/comments/9c45kn/boyfriend_26m_cant_stop_invading_my_privacy_to/e59ws2o/		[]
e5a8ojt	1535920470	I have no idea what practices exist. I think the therapists from those posts were either bad or their particular area of expertise was just not the kind of people who are prone to abuse.	unhappymedium	e59ws2o	9c45kn	2	e57uesk	1538597853	0	{'gid_1': 0, 'gid_2': 0, 'gid_3': 0}	relationships	False	/r/relationships/comments/9c45kn/boyfriend_26m_cant_stop_invading_my_privacy_to/e5a8ojt/		[]
e5ac8f4	1535924061	Silly rabbit, trust is for the rational.  Your boyfriend isn't rational, this isn't about you, it's about him.   He's not doing this because he doesn't trust you, he does this because he doesn't trust anyone.	knowtheday	e57v9n4	9c45kn	1	e57uesk	1538599521	0	{'gid_1': 0, 'gid_2': 0, 'gid_3': 0}	relationships	False	/r/relationships/comments/9c45kn/boyfriend_26m_cant_stop_invading_my_privacy_to/e5ac8f4/		[]
e5b3z3r	1535957405	I lived this life for 5 years, and can tell you now it does NOT get any better. Over time the crazy abuse just gets work. I lost nearly all my friends, I work in IT and so of course that meant I was cheating with most of the men I worked with. Anyone messaging me about work was just interested in me for sex. That relationship ruined my life - run for the hills!!	redzsazsa	e57v9n4	9c45kn	1	e57uesk	1538612558	0	{'gid_1': 0, 'gid_2': 0, 'gid_3': 0}	relationships	False	/r/relationships/comments/9c45kn/boyfriend_26m_cant_stop_invading_my_privacy_to/e5b3z3r/		[]
e5b42cj	1535957561	I lived this life for 5 years, and can tell you now it does NOT get any better. Over time the crazy abuse just gets work. I lost nearly all my friends, I work in IT and so of course that meant I was cheating with most of the men I worked with. Anyone messaging me about work was just interested in me for sex. That relationship ruined my life - run for the hills!!	redzsazsa	e57v9n4	9c45kn	1	e57uesk	1538612596	0	{'gid_1': 0, 'gid_2': 0, 'gid_3': 0}	relationships	False	/r/relationships/comments/9c45kn/boyfriend_26m_cant_stop_invading_my_privacy_to/e5b42cj/		[]
e5br0p1	1535991965	[deleted]	[deleted]	e57v9n4	9c45kn	1	e57uesk	1538623316	0	{'gid_1': 0, 'gid_2': 0, 'gid_3': 0}	relationships	False	/r/relationships/comments/9c45kn/boyfriend_26m_cant_stop_invading_my_privacy_to/e5br0p1/		[]
e609qrw	1536988712	"Date someone _you want to date_, not someone you _might_ want to be with if they improved.  That just makes no sense.  If you can't even answer the question ""what makes this worth it?"" with anything concrete, it's definitely 100% not worth it.  Listen to yourself!"	sakdfghjsdjfahbgsdf	e57v9n4	9c45kn	1	e57uesk	1539073122	0	{'gid_1': 0, 'gid_2': 0, 'gid_3': 0}	relationships	False	/r/relationships/comments/9c45kn/boyfriend_26m_cant_stop_invading_my_privacy_to/e609qrw/		[]
